Title,Name,ID,Email,Company,Updated
Mr.,"Clarke, Nita Z.",16220630-3253,pharetra.Nam@egestashendreritneque.com,Aliquam Nec Enim Institute,01/04/2017
,"Cobb, Lenore G.",16190501-6752,ullamcorper.Duis.cursus@vehiculaetrutrum.edu,Turpis Egestas Aliquam Ltd,14/04/2017
Ms.,"Burris, Naomi J.",16010323-3201,amet.ante.Vivamus@arcuacorci.com,A Malesuada Associates,27/04/2017
,"Wilson, Mariam X.",16450125-7713,ligula@velesttempor.ca,Ligula LLP,28/04/2017
Ms.,"Martin, Zena K.",16750216-5116,Nam.nulla.magna@massaIntegervitae.com,Volutpat Nulla Corp.,04/05/2017
Ms.,"Herrera, Armand W.",16181221-7600,libero@dapibusgravida.com,Conubia Nostra Per Corp.,28/05/2017
,"Perry, Martena A.",16270708-2430,pellentesque@ipsumacmi.org,Eget Magna Limited,07/06/2017
Dr.,"Mccall, Noble U.",16401029-9123,Curabitur.massa@auguemalesuada.org,Sit Amet Incorporated,16/06/2017
Mrs.,"Rollins, Callum M.",16170921-4512,libero.nec@acsem.edu,Duis Mi Enim PC,16/06/2017
Mrs.,"Carr, Zeus Z.",16590305-1224,mollis.Phasellus.libero@nuncullamcorpereu.ca,Proin Vel Inc.,18/06/2017
Mrs.,"Estes, Alice O.",16300416-9417,orci.Phasellus@libero.edu,Arcu Vestibulum Corporation,25/06/2017
Ms.,"Holden, Blaze P.",16061220-6730,neque.Nullam@purusinmolestie.ca,Cursus Et Institute,28/06/2017
Ms.,"Rosales, Cathleen U.",16180427-7828,mi.fringilla@CuraeDonectincidunt.ca,Quisque Fringilla Consulting,30/06/2017
Mr.,"Walsh, Vincent Z.",16390402-1171,enim@suscipitest.net,Donec Luctus Aliquet Institute,08/07/2017
Mrs.,"Pace, Bianca O.",16201004-2212,egestas@Nuncmauris.com,Quam A Felis Incorporated,09/07/2017
Mr.,"Davidson, Urielle C.",16480313-6177,tincidunt@dictumPhasellus.co.uk,Pede Nunc Corp.,10/07/2017
,"Peters, Samuel B.",16000705-4570,eget@sedpede.ca,Blandit LLC,12/07/2017
Dr.,"Baird, Mia L.",16721115-1878,Praesent.eu.nulla@ipsum.com,Turpis In Institute,12/07/2017
Ms.,"Travis, Akeem B.",16970110-2619,nec.luctus@aceleifendvitae.com,Sed Eu Nibh Company,16/07/2017
Ms.,"Houston, Allegra R.",16180606-9751,velit@semperegestasurna.com,Convallis Est Vitae Foundation,27/07/2017
Mr.,"Collins, Evan C.",16620201-0705,fermentum@rutrumjustoPraesent.ca,Tincidunt Incorporated,17/08/2017
,"Cooke, Elizabeth K.",16170503-2421,convallis@enim.edu,A Auctor Limited,24/08/2017
Dr.,"Mack, Hermione H.",16880521-4809,In.tincidunt.congue@Duis.org,Tincidunt Corporation,25/08/2017
Mrs.,"Burton, Amery G.",16520318-6746,mauris@CraspellentesqueSed.net,Nec Enim Industries,28/08/2017
Mrs.,"Curtis, Roth Y.",16290320-9498,nibh@velitQuisque.net,Ut Pellentesque Limited,28/08/2017
Mr.,"Goodman, Devin C.",16720911-1181,Maecenas@sociisnatoquepenatibus.com,Elementum Inc.,02/09/2017
,"Patterson, Gil X.",16740421-2065,ligula@at.ca,Egestas Aliquam Corporation,16/09/2017
Dr.,"Frye, Reed L.",16031128-0812,nec.metus.facilisis@natoque.net,Augue Industries,23/09/2017
Mrs.,"Mcclure, Irma K.",16530225-7224,Fusce.diam@Sednulla.edu,Imperdiet Non Vestibulum Corporation,05/10/2017
Ms.,"Bates, Mannix P.",16580830-7879,rutrum@nequeSedeget.com,Maecenas Libero Est Institute,28/10/2017
Mrs.,"Madden, Ciaran N.",16390419-5033,sit@musAenean.co.uk,Enim Inc.,13/11/2017
,"Brady, Lana I.",16610917-7029,per.conubia@ornare.org,Non LLC,17/11/2017
,"Gaines, Wynne R.",16770607-7596,luctus.et@tellusfaucibusleo.co.uk,Ante Limited,26/11/2017
Dr.,"Hopper, Eliana D.",16450819-1824,magna@Duisvolutpat.edu,Gravida Mauris Ut Ltd,27/11/2017
Mrs.,"Rosario, Sonya A.",16571009-6768,ornare@nonjustoProin.co.uk,At LLC,05/12/2017
Ms.,"Harmon, Quynn G.",16400822-0206,enim.non.nisi@sit.com,Magna Tellus Faucibus Institute,13/12/2017
Dr.,"Horton, Olga X.",16090504-7759,taciti.sociosqu.ad@amet.net,Gravida Sit Incorporated,28/12/2017
Mr.,"Barlow, Kirestin O.",16221210-9249,Donec.feugiat.metus@velturpis.net,Felis Eget Varius Foundation,04/01/2018
,"Payne, Wayne R.",16410315-0704,amet.consectetuer@justo.org,Enim Non LLC,16/01/2018
Ms.,"Owen, Jenette B.",16440901-5817,malesuada@enim.org,Euismod Enim Etiam Ltd,23/01/2018
Mrs.,"Wilson, Iliana C.",16021029-8865,natoque@ac.net,Pharetra Associates,10/02/2018
Ms.,"Knowles, Hanna Z.",16301024-5003,odio.vel@Nullamenim.co.uk,At Iaculis Quis Consulting,19/02/2018
Mrs.,"Mcclure, Elizabeth R.",16700723-3047,in.tempus@ligula.co.uk,Auctor Mauris Vel LLC,28/02/2018
Mr.,"Joseph, Cynthia D.",16700712-1911,pretium.neque@morbitristique.co.uk,Et Tristique Incorporated,05/03/2018
,"Parsons, Christian F.",16160128-5156,leo.Cras.vehicula@nibh.org,Et Magnis Dis Limited,09/03/2018
Mrs.,"Cole, Harrison W.",16170726-6811,eu.tempor@vehicularisus.ca,Lectus Quis Massa Industries,11/03/2018
,"Crawford, Marshall P.",16270523-2979,semper.cursus@nuncsit.net,Pellentesque Tellus Sem Industries,12/03/2018
Mr.,"Mills, Lynn G.",16810113-6169,ligula.consectetuer.rhoncus@lacinia.edu,Suspendisse Consulting,23/03/2018
Mrs.,"Roth, Cody N.",16901118-2434,Nullam.nisl@arcuSed.edu,Vel Associates,26/03/2018
Ms.,"Barker, Sonya P.",16341025-7228,et@vitaealiquameros.org,Cras Lorem Lorem Ltd,29/03/2018
Mr.,"Wilcox, Ifeoma Q.",16001123-3541,Proin@Duis.edu,Auctor Nunc Nulla Corp.,31/03/2018
Ms.,"Perkins, Blaze E.",16221113-2648,natoque@est.edu,Cursus Corporation,07/04/2018
Mrs.,"Luna, Mariko M.",16740112-8611,libero@egetmagna.net,Nulla Donec Non Industries,09/04/2018
Ms.,"Hammond, Bell B.",16151221-6134,lorem.auctor@lectusCumsociis.co.uk,Tincidunt Dui Ltd,17/04/2018
Mrs.,"Gallegos, Hu B.",16150918-6068,Suspendisse@sempertellus.net,Enim Sit Amet Foundation,18/04/2018
Mrs.,"Hebert, Vivian P.",16310307-6240,molestie.pharetra.nibh@egestasa.edu,Vehicula Corp.,02/05/2018
Ms.,"Mcgee, Richard O.",16860624-8295,aliquet.magna@aliquet.co.uk,Ipsum Non Arcu LLP,24/05/2018
Ms.,"Galloway, Raymond H.",16821009-1008,Aenean.massa.Integer@nequevitaesemper.edu,Egestas PC,26/05/2018
Mr.,"Riddle, Hyatt W.",16740415-9845,posuere.cubilia@consectetuerrhoncus.edu,Libero LLP,05/06/2018
Mrs.,"Alford, Sean Z.",16530904-3122,et.euismod.et@hendreritid.org,Et Ultrices Posuere Inc.,18/06/2018
Dr.,"Hartman, Genevieve J.",16251124-2873,In.nec@est.ca,Nunc Sed Consulting,19/06/2018
Dr.,"Davenport, Melinda N.",16280430-8563,aliquet.Phasellus@sagittisDuisgravida.ca,Interdum Ligula Eu Inc.,05/07/2018
Mr.,"Malone, Cynthia M.",16860530-8256,Quisque.ornare.tortor@sapiencursusin.com,Curabitur Vel Inc.,11/07/2018
Ms.,"Merrill, Rosalyn O.",16460330-3936,ullamcorper.nisl.arcu@erateget.edu,Blandit Institute,13/07/2018
Mrs.,"Chaney, Martha X.",16800729-0466,et.malesuada@lacusUtnec.co.uk,Duis At Company,13/07/2018
Mrs.,"Mcintosh, Rahim N.",16670811-1668,mauris@necligula.org,Luctus Ut Incorporated,19/07/2018
Mrs.,"Carey, Sebastian D.",16411129-7125,iaculis.lacus.pede@vitaesodales.com,Posuere Cubilia Curae; Ltd,24/07/2018
Ms.,"Reyes, Kamal P.",16000205-4757,molestie.tortor.nibh@ridiculus.com,Neque Sed LLC,02/08/2018
Dr.,"Avery, Virginia D.",16500306-1974,sodales@senectus.com,Tristique Neque Venenatis Institute,27/08/2018
Mr.,"Benton, Joel I.",16020608-0053,eu.eros.Nam@Donecvitae.co.uk,Non Limited,29/08/2018
,"Cameron, Lynn B.",16610116-1526,senectus@elitCurabitursed.net,Suspendisse Foundation,03/09/2018
Mr.,"Daniel, Ignatius K.",16680823-5359,quis.turpis.vitae@dolor.com,Sit Amet Dapibus Corp.,08/09/2018
Ms.,"Blanchard, Carter V.",16381210-6619,dolor.tempus@Donecnonjusto.edu,Non Industries,18/09/2018
,"Hardin, Griffin L.",16810107-4519,pharetra.nibh@ultricies.com,Velit Egestas Lacinia Foundation,20/09/2018
Ms.,"Charles, Kim Y.",16840214-6545,eu.enim@enimnec.co.uk,Lacus LLP,27/09/2018
Mr.,"Gutierrez, Kameko Q.",16681023-3103,non.lobortis@quamquisdiam.com,Convallis Ante PC,29/10/2018
Ms.,"Woodard, Preston O.",16641022-5210,ultrices.sit.amet@Loremipsumdolor.edu,In Faucibus LLC,30/10/2018
Mr.,"Briggs, Frances G.",16450121-0233,pede.sagittis@nisisem.net,Lacinia At Iaculis Ltd,31/10/2018
"Hensley, Martina G.",Nonummy Consulting,,diam.Duis.mi@fringillapurus.net 16200816-7450,,05/11/2018
"Flynn, Noelani S.",Ac PC,Mr.,euismod@magnisdisparturient.net 16650329-8280,,28/11/2018
"Mayo, Erich I.",Quis Massa Mauris Institute,,et.libero@Proin.net 16501112-4038,,16/12/2018
"Lyons, Hedwig L.",Duis Risus Odio Institute,,velit@Nullaeu.edu 16630306-4247,,17/12/2018
"Wood, Leila P.",Pharetra Sed Hendrerit PC,Mr.,magna@vulputaterisusa.edu 16970522-2686,,17/12/2018
"Dodson, Kaseem M.",Diam At LLP,,orci@dolorNullasemper.ca 16100930-7719,,19/12/2018
"Miranda, Hanna Z.",Enim Mi Tempor Institute,Mr.,nostra@infaucibus.ca 16880622-6034,,21/01/2019
"Tate, David D.",Urna Corporation,,dui.Fusce@eleifendnon.org 16120621-3389,,22/01/2019
"Duncan, Cheyenne E.",Sit Amet Corporation,Dr.,ligula.Donec@laciniavitae.ca 16820906-3364,,25/01/2019
"Franks, Nissim L.",Dictum Ultricies Ligula LLP,Dr.,orci@congueIn.edu 16790420-1873,,29/01/2019
"Heath, Keane U.",Risus Consulting,Mr.,mauris.Suspendisse@mollis.ca 16590729-1222,,29/01/2019
"Vincent, Grace Q.",Ultrices A Auctor Associates,Ms.,lobortis.risus.In@tincidunttempus.ca 16051030-5139,,02/02/2019
"Mcdowell, Edward P.",Integer Sem Limited,Dr.,Sed.eu@laciniaatiaculis.ca 16670401-6622,,25/02/2019
"Massey, Freya J.",Eu Erat Semper Inc.,Dr.,porttitor.eros@seddolor.edu 16100230-3863,,28/02/2019
"Yates, Gisela X.",Fringilla Ornare Corporation,,egestas.Duis@Nunccommodoauctor.co.uk 16160503-6332,,28/02/2019
"Coffey, Yvette W.",Tellus Id Nunc LLC,Mrs.,vehicula.Pellentesque@a.net 16970426-3707,,13/03/2019
"Gutierrez, Christopher B.",Est Limited,Mrs.,erat.volutpat.Nulla@loremvitaeodio.net 16620309-0201,,18/03/2019
"Wiggins, Tarik S.",Neque Sed Limited,Mr.,Duis@dolorvitaedolor.edu 16550814-4507,,23/03/2019
"Ray, Lucy G.",Ante Ipsum Corp.,Mrs.,vitae.posuere@nonummyultriciesornare.com 16990315-8039,,23/03/2019
"Meyer, Gail D.",Netus Et Malesuada Corp.,Mrs.,bibendum.fermentum.metus@Donecfelis.edu 16910207-2528,,24/03/2019
"Rivers, Quin S.",Semper Dui Lectus Limited,,venenatis@massaIntegervitae.org 16950324-8800,,27/03/2019
"Salazar, Camille D.",Magnis Dis Parturient Associates,Mr.,ipsum.dolor.sit@Maecenasmalesuada.edu 16510221-4797,,29/03/2019
